<keymap version="1" name="Default for GNOME - modified" parent="Default for GNOME">
  <action id="ChangesView.Diff" />
  <action id="CloseContent">
    <keyboard-shortcut first-keystroke="ctrl w" />
  </action>
  <action id="CompareTwoFiles" />
  <action id="Diff.ShowDiff" />
  <action id="Diff.ShowSettingsPopup" />
  <action id="EditorDuplicate">
    <keyboard-shortcut first-keystroke="shift ctrl d" />
  </action>
  <action id="EditorSelectWord" />
  <action id="FileChooser.GotoDesktop" />
  <action id="RunDashboard.CopyConfiguration" />
  <action id="SelectAllOccurrences" />
  <action id="SelectNextOccurrence">
    <keyboard-shortcut first-keystroke="ctrl d" />
  </action>
  <action id="SendEOF" />
  <action id="XDebugger.CopyWatch" />
  <action id="openAssertEqualsDiff" />
</keymap>