<application>
  <component name="FileTypeManager" version="17">
    <ignoreFiles list="*$py.class;*.hprof;*.pyc;*.pyo;*.rbc;*.yarb;*~;.DS_Store;.git;.hg;.svn;CVS;__pycache__;_svn;vssver.scc;vssver2.scc;" />
    <extensionMap>
      <mapping pattern="Procfile" type="PLAIN_TEXT" />
      <mapping pattern=".keep" type="PLAIN_TEXT" />
      <mapping ext="dev" type="PLAIN_TEXT" />
      <mapping ext="additions" type="PLAIN_TEXT" />
      <mapping ext="ci" type="PLAIN_TEXT" />
      <mapping ext="ini" type="PLAIN_TEXT" />
      <mapping pattern="02-7z_package" type="Bash" />
      <mapping pattern="03-user_dot_bashrc" type="Bash" />
      <mapping pattern="07-spacy_download" type="Bash" />
      <mapping pattern="dev_docker_postgres_wrapper" type="Bash" />
    </extensionMap>
  </component>
</application>