<application>
  <component name="ProjectJdkTable">
    <jdk version="2">
      <name value="Python 3.6 (text_classifier)" />
      <type value="Python SDK" />
      <version value="Python 3.6.7" />
      <homePath value="$USER_HOME$/.virtualenvs/text_classifier/bin/python" />
      <roots>
        <classPath>
          <root type="composite">
            <root url="file://$USER_HOME$/.virtualenvs/text_classifier/lib/python3.6" type="simple" />
            <root url="file://$USER_HOME$/.virtualenvs/text_classifier/lib/python3.6/lib-dynload" type="simple" />
            <root url="file:///usr/lib/python3.6" type="simple" />
            <root url="file://$USER_HOME$/.virtualenvs/text_classifier/lib/python3.6/site-packages" type="simple" />
            <root url="file://$USER_HOME$/.PyCharmCE2019.1/system/python_stubs/1291988854" type="simple" />
            <root url="file://$APPLICATION_HOME_DIR$/helpers/python-skeletons" type="simple" />
            <root url="file://$APPLICATION_HOME_DIR$/helpers/typeshed/stdlib/3" type="simple" />
            <root url="file://$APPLICATION_HOME_DIR$/helpers/typeshed/stdlib/2and3" type="simple" />
            <root url="file://$APPLICATION_HOME_DIR$/helpers/typeshed/third_party/3" type="simple" />
            <root url="file://$APPLICATION_HOME_DIR$/helpers/typeshed/third_party/2and3" type="simple" />
          </root>
        </classPath>
        <sourcePath>
          <root type="composite" />
        </sourcePath>
      </roots>
      <additional />
    </jdk>
    <jdk version="2">
      <name value="Python 3.6 (whatsonlineaboutme)" />
      <type value="Python SDK" />
      <version value="Python 3.6.3" />
      <homePath value="$USER_HOME$/.virtualenvs/whatsonlineaboutme/bin/python" />
      <roots>
        <classPath>
          <root type="composite">
            <root url="file://$USER_HOME$/.virtualenvs/whatsonlineaboutme/lib/python3.6" type="simple" />
            <root url="file://$USER_HOME$/.virtualenvs/whatsonlineaboutme/lib/python3.6/lib-dynload" type="simple" />
            <root url="file:///usr/lib/python3.6" type="simple" />
            <root url="file://$USER_HOME$/.virtualenvs/whatsonlineaboutme/lib/python3.6/site-packages" type="simple" />
            <root url="file://$USER_HOME$/.PyCharmCE2018.3/system/python_stubs/536479962" type="simple" />
            <root url="file://$APPLICATION_HOME_DIR$/helpers/python-skeletons" type="simple" />
            <root url="file://$APPLICATION_HOME_DIR$/helpers/typeshed/stdlib/3" type="simple" />
            <root url="file://$APPLICATION_HOME_DIR$/helpers/typeshed/stdlib/2and3" type="simple" />
            <root url="file://$APPLICATION_HOME_DIR$/helpers/typeshed/third_party/3" type="simple" />
            <root url="file://$APPLICATION_HOME_DIR$/helpers/typeshed/third_party/2and3" type="simple" />
          </root>
        </classPath>
        <sourcePath>
          <root type="composite" />
        </sourcePath>
      </roots>
      <additional />
    </jdk>
    <jdk version="2">
      <name value="Python 3.6" />
      <type value="Python SDK" />
      <version value="Python 3.6.7" />
      <homePath value="/usr/bin/python3.6" />
      <roots>
        <classPath>
          <root type="composite">
            <root url="file:///usr/lib/python3.6" type="simple" />
            <root url="file:///usr/lib/python3.6/lib-dynload" type="simple" />
            <root url="file://$USER_HOME$/.local/lib/python3.6/site-packages" type="simple" />
            <root url="file:///usr/local/lib/python3.6/dist-packages" type="simple" />
            <root url="file:///usr/lib/python3/dist-packages" type="simple" />
            <root url="file://$USER_HOME$/.PyCharmCE2019.1/system/python_stubs/-1247971763" type="simple" />
            <root url="file://$APPLICATION_HOME_DIR$/helpers/python-skeletons" type="simple" />
            <root url="file://$APPLICATION_HOME_DIR$/helpers/typeshed/stdlib/3" type="simple" />
            <root url="file://$APPLICATION_HOME_DIR$/helpers/typeshed/stdlib/2and3" type="simple" />
            <root url="file://$APPLICATION_HOME_DIR$/helpers/typeshed/third_party/3" type="simple" />
            <root url="file://$APPLICATION_HOME_DIR$/helpers/typeshed/third_party/2and3" type="simple" />
          </root>
        </classPath>
        <sourcePath>
          <root type="composite" />
        </sourcePath>
      </roots>
      <additional />
    </jdk>
    <jdk version="2">
      <name value="Python 3.7 (opmltd_www)" />
      <type value="Python SDK" />
      <version value="Python 3.7.1" />
      <homePath value="$USER_HOME$/.virtualenvs/opmltd_www/bin/python" />
      <roots>
        <classPath>
          <root type="composite">
            <root url="file://$USER_HOME$/.virtualenvs/opmltd_www/lib/python3.7" type="simple" />
            <root url="file://$USER_HOME$/.virtualenvs/opmltd_www/lib/python3.7/lib-dynload" type="simple" />
            <root url="file:///usr/lib/python3.7" type="simple" />
            <root url="file://$USER_HOME$/.virtualenvs/opmltd_www/lib/python3.7/site-packages" type="simple" />
            <root url="file://$USER_HOME$/.PyCharmCE2018.3/system/python_stubs/1657109909" type="simple" />
            <root url="file://$APPLICATION_HOME_DIR$/helpers/python-skeletons" type="simple" />
            <root url="file://$APPLICATION_HOME_DIR$/helpers/typeshed/stdlib/3" type="simple" />
            <root url="file://$APPLICATION_HOME_DIR$/helpers/typeshed/stdlib/2and3" type="simple" />
            <root url="file://$APPLICATION_HOME_DIR$/helpers/typeshed/third_party/3" type="simple" />
            <root url="file://$APPLICATION_HOME_DIR$/helpers/typeshed/third_party/2and3" type="simple" />
          </root>
        </classPath>
        <sourcePath>
          <root type="composite" />
        </sourcePath>
      </roots>
      <additional />
    </jdk>
    <jdk version="2">
      <name value="Python 3.6 (opmltd_www_3_6)" />
      <type value="Python SDK" />
      <version value="Python 3.6.7" />
      <homePath value="$USER_HOME$/.virtualenvs/opmltd_www_3_6/bin/python" />
      <roots>
        <classPath>
          <root type="composite">
            <root url="file://$USER_HOME$/.virtualenvs/opmltd_www_3_6/lib/python3.6" type="simple" />
            <root url="file://$USER_HOME$/.virtualenvs/opmltd_www_3_6/lib/python3.6/lib-dynload" type="simple" />
            <root url="file:///usr/lib/python3.6" type="simple" />
            <root url="file://$USER_HOME$/.virtualenvs/opmltd_www_3_6/lib/python3.6/site-packages" type="simple" />
            <root url="file://$USER_HOME$/.PyCharmCE2019.1/system/python_stubs/-283840182" type="simple" />
            <root url="file://$APPLICATION_HOME_DIR$/helpers/python-skeletons" type="simple" />
            <root url="file://$APPLICATION_HOME_DIR$/helpers/typeshed/stdlib/3" type="simple" />
            <root url="file://$APPLICATION_HOME_DIR$/helpers/typeshed/stdlib/2and3" type="simple" />
            <root url="file://$APPLICATION_HOME_DIR$/helpers/typeshed/third_party/3" type="simple" />
            <root url="file://$APPLICATION_HOME_DIR$/helpers/typeshed/third_party/2and3" type="simple" />
          </root>
        </classPath>
        <sourcePath>
          <root type="composite" />
        </sourcePath>
      </roots>
      <additional ASSOCIATED_PROJECT_PATH="$USER_HOME$/projects/opmltd/www" />
    </jdk>
    <jdk version="2">
      <name value="Python 3.7 (text_classifier_3_dot_7)" />
      <type value="Python SDK" />
      <version value="Python 3.7.1" />
      <homePath value="$USER_HOME$/.virtualenvs/text_classifier_3_dot_7/bin/python" />
      <roots>
        <classPath>
          <root type="composite">
            <root url="file://$USER_HOME$/.virtualenvs/text_classifier_3_dot_7/lib/python3.7" type="simple" />
            <root url="file://$USER_HOME$/.virtualenvs/text_classifier_3_dot_7/lib/python3.7/lib-dynload" type="simple" />
            <root url="file:///usr/lib/python3.7" type="simple" />
            <root url="file://$USER_HOME$/.virtualenvs/text_classifier_3_dot_7/lib/python3.7/site-packages" type="simple" />
            <root url="file://$USER_HOME$/.PyCharmCE2019.1/system/python_stubs/813243456" type="simple" />
            <root url="file://$APPLICATION_HOME_DIR$/helpers/python-skeletons" type="simple" />
            <root url="file://$APPLICATION_HOME_DIR$/helpers/typeshed/stdlib/3" type="simple" />
            <root url="file://$APPLICATION_HOME_DIR$/helpers/typeshed/stdlib/2and3" type="simple" />
            <root url="file://$APPLICATION_HOME_DIR$/helpers/typeshed/third_party/3" type="simple" />
            <root url="file://$APPLICATION_HOME_DIR$/helpers/typeshed/third_party/2and3" type="simple" />
          </root>
        </classPath>
        <sourcePath>
          <root type="composite" />
        </sourcePath>
      </roots>
      <additional ASSOCIATED_PROJECT_PATH="$USER_HOME$/projects/opmltd/text_classifier" />
    </jdk>
    <jdk version="2">
      <name value="Python 3.7 (voxiberate_3_dot_7)" />
      <type value="Python SDK" />
      <homePath value="$USER_HOME$/.virtualenvs/voxiberate_3_dot_7/bin/python" />
      <roots>
        <classPath>
          <root type="composite">
            <root url="file://$USER_HOME$/.virtualenvs/voxiberate_3_dot_7/lib/python3.7" type="simple" />
            <root url="file://$USER_HOME$/.virtualenvs/voxiberate_3_dot_7/lib/python3.7/lib-dynload" type="simple" />
            <root url="file:///usr/lib/python3.7" type="simple" />
            <root url="file://$USER_HOME$/.virtualenvs/voxiberate_3_dot_7/lib/python3.7/site-packages" type="simple" />
            <root url="file://$USER_HOME$/.PyCharmCE2019.1/system/python_stubs/1984322106" type="simple" />
            <root url="file://$APPLICATION_HOME_DIR$/helpers/python-skeletons" type="simple" />
            <root url="file://$APPLICATION_HOME_DIR$/helpers/typeshed/stdlib/3" type="simple" />
            <root url="file://$APPLICATION_HOME_DIR$/helpers/typeshed/stdlib/2and3" type="simple" />
            <root url="file://$APPLICATION_HOME_DIR$/helpers/typeshed/third_party/3" type="simple" />
            <root url="file://$APPLICATION_HOME_DIR$/helpers/typeshed/third_party/2and3" type="simple" />
          </root>
        </classPath>
        <sourcePath>
          <root type="composite" />
        </sourcePath>
      </roots>
      <additional />
    </jdk>
    <jdk version="2">
      <name value="Python 3.7 (opmltd_www_3_dot_7)" />
      <type value="Python SDK" />
      <version value="Python 3.7.1" />
      <homePath value="$USER_HOME$/.virtualenvs/opmltd_www_3_dot_7/bin/python" />
      <roots>
        <classPath>
          <root type="composite">
            <root url="file://$USER_HOME$/.virtualenvs/opmltd_www_3_dot_7/lib/python3.7" type="simple" />
            <root url="file://$USER_HOME$/.virtualenvs/opmltd_www_3_dot_7/lib/python3.7/lib-dynload" type="simple" />
            <root url="file:///usr/lib/python3.7" type="simple" />
            <root url="file://$USER_HOME$/.virtualenvs/opmltd_www_3_dot_7/lib/python3.7/site-packages" type="simple" />
            <root url="file://$USER_HOME$/.PyCharmCE2019.1/system/python_stubs/-1588077729" type="simple" />
            <root url="file://$APPLICATION_HOME_DIR$/helpers/python-skeletons" type="simple" />
            <root url="file://$APPLICATION_HOME_DIR$/helpers/typeshed/stdlib/3" type="simple" />
            <root url="file://$APPLICATION_HOME_DIR$/helpers/typeshed/stdlib/2and3" type="simple" />
            <root url="file://$APPLICATION_HOME_DIR$/helpers/typeshed/third_party/3" type="simple" />
            <root url="file://$APPLICATION_HOME_DIR$/helpers/typeshed/third_party/2and3" type="simple" />
          </root>
        </classPath>
        <sourcePath>
          <root type="composite" />
        </sourcePath>
      </roots>
      <additional ASSOCIATED_PROJECT_PATH="$USER_HOME$/projects/opmltd/www" />
    </jdk>
    <jdk version="2">
      <name value="Python 3.8 (app_yourself_online_3_dot_8)" />
      <type value="Python SDK" />
      <version value="Python 3.8.2" />
      <homePath value="$USER_HOME$/.virtualenvs/app_yourself_online_3_dot_8/bin/python" />
      <roots>
        <classPath>
          <root type="composite">
            <root url="file:///usr/lib/python3.8" type="simple" />
            <root url="file:///usr/lib/python3.8/lib-dynload" type="simple" />
            <root url="file://$USER_HOME$/.virtualenvs/app_yourself_online_3_dot_8/lib/python3.8/site-packages" type="simple" />
            <root url="file://$USER_HOME$/.virtualenvs/app_yourself_online_3_dot_8/src/profanity-check" type="simple" />
            <root url="file://$USER_HOME$/.cache/JetBrains/PyCharmCE2020.2/python_stubs/-1490511523" type="simple" />
            <root url="file://$APPLICATION_HOME_DIR$/plugins/python-ce/helpers/python-skeletons" type="simple" />
            <root url="file://$APPLICATION_HOME_DIR$/plugins/python-ce/helpers/typeshed/stdlib/3.7" type="simple" />
            <root url="file://$APPLICATION_HOME_DIR$/plugins/python-ce/helpers/typeshed/stdlib/3" type="simple" />
            <root url="file://$APPLICATION_HOME_DIR$/plugins/python-ce/helpers/typeshed/stdlib/2and3" type="simple" />
            <root url="file://$APPLICATION_HOME_DIR$/plugins/python-ce/helpers/typeshed/third_party/3" type="simple" />
            <root url="file://$APPLICATION_HOME_DIR$/plugins/python-ce/helpers/typeshed/third_party/2and3" type="simple" />
          </root>
        </classPath>
        <sourcePath>
          <root type="composite" />
        </sourcePath>
      </roots>
      <additional ASSOCIATED_PROJECT_PATH="$USER_HOME$/yourself.online/app" />
    </jdk>
    <jdk version="2">
      <name value="Python 3.8 (profanity_check)" />
      <type value="Python SDK" />
      <version value="Python 3.8.2" />
      <homePath value="$USER_HOME$/.virtualenvs/profanity_check/bin/python" />
      <roots>
        <classPath>
          <root type="composite">
            <root url="file:///usr/lib/python3.8" type="simple" />
            <root url="file:///usr/lib/python3.8/lib-dynload" type="simple" />
            <root url="file://$USER_HOME$/.virtualenvs/profanity_check/lib/python3.8/site-packages" type="simple" />
            <root url="file://$USER_HOME$/.cache/JetBrains/PyCharmCE2020.1/python_stubs/1405288824" type="simple" />
            <root url="file://$APPLICATION_HOME_DIR$/plugins/python-ce/helpers/python-skeletons" type="simple" />
            <root url="file://$APPLICATION_HOME_DIR$/plugins/python-ce/helpers/typeshed/stdlib/3.7" type="simple" />
            <root url="file://$APPLICATION_HOME_DIR$/plugins/python-ce/helpers/typeshed/stdlib/3" type="simple" />
            <root url="file://$APPLICATION_HOME_DIR$/plugins/python-ce/helpers/typeshed/stdlib/2and3" type="simple" />
            <root url="file://$APPLICATION_HOME_DIR$/plugins/python-ce/helpers/typeshed/third_party/3" type="simple" />
            <root url="file://$APPLICATION_HOME_DIR$/plugins/python-ce/helpers/typeshed/third_party/2and3" type="simple" />
          </root>
        </classPath>
        <sourcePath>
          <root type="composite" />
        </sourcePath>
      </roots>
      <additional ASSOCIATED_PROJECT_PATH="$USER_HOME$/projects/profanity-check" />
    </jdk>
    <jdk version="2">
      <name value="Python 3.8" />
      <type value="Python SDK" />
      <version value="Python 3.8.2" />
      <homePath value="/usr/bin/python3.8" />
      <roots>
        <classPath>
          <root type="composite">
            <root url="file:///usr/lib/python3.8" type="simple" />
            <root url="file:///usr/lib/python3.8/lib-dynload" type="simple" />
            <root url="file://$USER_HOME$/.local/lib/python3.8/site-packages" type="simple" />
            <root url="file:///usr/local/lib/python3.8/dist-packages" type="simple" />
            <root url="file:///usr/lib/python3/dist-packages" type="simple" />
            <root url="file://$USER_HOME$/.cache/JetBrains/PyCharmCE2020.1/python_stubs/-1247971761" type="simple" />
            <root url="file://$APPLICATION_HOME_DIR$/plugins/python-ce/helpers/python-skeletons" type="simple" />
            <root url="file://$APPLICATION_HOME_DIR$/plugins/python-ce/helpers/typeshed/stdlib/3.7" type="simple" />
            <root url="file://$APPLICATION_HOME_DIR$/plugins/python-ce/helpers/typeshed/stdlib/3" type="simple" />
            <root url="file://$APPLICATION_HOME_DIR$/plugins/python-ce/helpers/typeshed/stdlib/2and3" type="simple" />
            <root url="file://$APPLICATION_HOME_DIR$/plugins/python-ce/helpers/typeshed/third_party/3" type="simple" />
            <root url="file://$APPLICATION_HOME_DIR$/plugins/python-ce/helpers/typeshed/third_party/2and3" type="simple" />
          </root>
        </classPath>
        <sourcePath>
          <root type="composite" />
        </sourcePath>
      </roots>
      <additional />
    </jdk>
  </component>
</application>