<profile version="1.0">
  <option name="myName" value="Default" />
  <inspection_tool class="PyUnresolvedReferencesInspection" enabled="true" level="WARNING" enabled_by_default="true">
    <option name="ignoredIdentifiers">
      <list>
        <option value="yo_instagram.models.InstagramMedium.customer_id" />
        <option value="yo_instagram.models.InstagramMedium.id" />
        <option value="django.db.models.fields.related.ForeignKey.id" />
        <option value="customers.models.social_media_profile.SocialMediaProfile.objects" />
        <option value="customers.models.twitter_related_models.Tweet.id" />
        <option value="customers.models.tokens.TwitterToken.objects" />
        <option value="customers.models.initial_models.Customer.id" />
        <option value="customers.models.initial_models.Customer.twittertoken" />
        <option value="customers.models.twitter_related_models.Tweet.tweetmedium_set" />
        <option value="core.models.ProfanityWord.objects" />
        <option value="customers.models.facebook_related_models.FacebookPhoto.id" />
        <option value="customers.models.facebook_related_models.FacebookPhoto.customer_id" />
        <option value="customers.models.facebook_related_models.FacebookDownloadedURL.objects" />
        <option value="django.http.request.HttpRequest.session" />
        <option value="customers.models.facebook_related_models.FacebookPost.customer_id" />
        <option value="customers.models.facebook_related_models.FacebookPost.id" />
        <option value="yo_instagram.models.InstagramToken.objects" />
        <option value="customers.models.twitter_related_models.Tweet.customer_id" />
        <option value="customers.models.mixins.TextClassificationAbstract.id" />
        <option value="customers.models.twitter_related_models.TweetMedium.id" />
        <option value="yo_instagram.models.InstagramDownloadedURL.objects" />
        <option value="customers.models.initial_models.Customer.scan_set" />
        <option value="django.db.models.fields.files.FileField.url" />
        <option value="django.db.models.fields.files.FileField.delete" />
        <option value="yo_instagram.models.InstagramDownloadedURL.id" />
        <option value="customers.models.initial_models.Customer.facebookphoto_set" />
        <option value="customers.models.removed_customers_registry.RemovedCustomersRegistry.objects" />
        <option value="customers.models.breaches.ScannedEmailInSpycloud.objects" />
        <option value="customers.models.breaches.SpyCloudSource.objects" />
        <option value="yo_free_scan.models.MaskedScannedEmailInSpycloud.objects" />
        <option value="yo_free_scan.models.FreeScan.objects" />
        <option value="customers.models.events.Event.objects" />
        <option value="privacy_settings.models.Action.objects" />
      </list>
    </option>
  </inspection_tool>
</profile>